id,name,age,gender,alive
1,Ana Garcia,30,FEMALE,true
2,Carlos Lopez,25,MALE,true
3,Maria Rodriguez,35,FEMALE,true
4,Andres Martinez,28,MALE,true
5,Sofia Hernandez,22,FEMALE,true
6,Juan Gomez,40,MALE,true
7,Valentina Torres,31,FEMALE,true
8,Diego Sanchez,27,MALE,true
9,Camila Flores,33,FEMALE,true
10,Luis Ramirez,45,MALE,true
11,Isabella Castro,26,FEMALE,true
12,Sebastian Moreno,38,MALE,true
13,Daniela Jimenez,29,FEMALE,true
14,Alejandro Reyes,52,MALE,true
15,Paula Vargas,24,FEMALE,true
16,Santiago Romero,36,MALE,true
17,Natalia Cruz,41,FEMALE,true
18,Felipe Ortiz,23,MALE,true
19,Laura Gutierrez,34,FEMALE,true
20,Ricardo Diaz,48,MALE,true
21,Gabriela Medina,27,FEMALE,true
22,Mateo Suarez,32,MALE,true
23,Veronica Parra,39,FEMALE,true
24,Julian Herrera,21,MALE,true
25,Mariana Aguilar,44,FEMALE,true
26,Tomas Rueda,55,MALE,true
27,Carolina Mendez,28,FEMALE,true
28,Nicolas Pena,37,MALE,true
29,Andrea Cardenas,43,FEMALE,true
30,David Acosta,19,MALE,true
31,Lucia Bermudez,31,FEMALE,true
32,Esteban Castano,46,MALE,true
33,Alejandra Vargas,25,FEMALE,true
34,Camilo Ospina,33,MALE,true
35,Manuela Rios,29,FEMALE,true
36,Andres Buitrago,42,MALE,true
37,Paola Duque,36,FEMALE,true
38,Hector Salcedo,50,MALE,true
39,Monica Arango,38,FEMALE,true
40,Gonzalo Mejia,61,MALE,true
41,Ximena Palacio,27,FEMALE,true
42,Fernando Vasquez,34,MALE,true
43,Adriana Tobon,40,FEMALE,true
44,Miguel Angel Cano,23,MALE,true
45,Viviana Henao,47,FEMALE,true
46,Ivan Zapata,29,MALE,true
47,Claudia Montoya,53,FEMALE,true
48,Cesar Bedoya,31,MALE,true
49,Lina Maria Gomez,26,FEMALE,true
50,Rodrigo Restrepo,44,MALE,true
51,Patricia Londono,37,FEMALE,true
52,Jaime Cardona,56,MALE,true
53,Marcela Munoz,32,FEMALE,true
54,Pablo Serna,28,MALE,true
55,Catalina Alzate,41,FEMALE,true
56,Jorge Arbelaez,49,MALE,true
57,Sandra Vergara,35,FEMALE,true
58,Wilson Quintero,22,MALE,true
59,Tatiana Orozco,30,FEMALE,true
60,Ruben Naranjo,57,MALE,true
61,Leidy Pedraza,24,FEMALE,true
62,Giovanny Cordoba,39,MALE,true
63,Amparo Holguin,48,FEMALE,true
64,Jesus Antonio Meza,33,MALE,true
65,Esperanza Giraldo,42,FEMALE,true
66,Hernando Soto,58,MALE,true
67,Zulma Rendon,27,FEMALE,true
68,Arnoldo Echeverri,36,MALE,true
69,Beatriz Elena Parra,45,FEMALE,true
70,Oscar Aristizabal,62,MALE,true
71,Fabiola Montiel,29,FEMALE,true
72,German Ocampo,43,MALE,true
73,Rosalba Ceballos,51,FEMALE,true
74,Alberto Patino,38,MALE,true
75,Yolanda Posada,34,FEMALE,true
76,Norberto Velez,64,MALE,true
77,Consuelo Loaiza,47,FEMALE,true
78,Javier Arenas,26,MALE,true
79,Martha Ligia Ossa,55,FEMALE,true
80,Ernesto Villegas,41,MALE,true
81,Bibiana Trujillo,30,FEMALE,true
82,Rodrigo Agudelo,52,MALE,true
83,Gloria Ines Valencia,39,FEMALE,true
84,Alirio Marin,46,MALE,true
85,Piedad Monsalve,33,FEMALE,true
86,Hernan Estrada,60,MALE,true
87,Olga Lucia Sierra,28,FEMALE,true
88,Dario Giraldo,37,MALE,true
89,Amparo Zuluaga,44,FEMALE,true
90,Nelson Salazar,25,MALE,true
91,Rocio Delgado,32,FEMALE,true
92,Walter Grisales,49,MALE,true
93,Clara Ines Cardona,36,FEMALE,true
94,Mauricio Taborda,54,MALE,true
95,Estela Oquendo,41,FEMALE,true
96,Freddy Lopez,31,MALE,true
97,Aura Elena Rojas,27,FEMALE,true
98,Efrain Cuesta,58,MALE,true
99,Nelly Guisao,43,FEMALE,true
100,Roberto Urrego,35,MALE,true
101,Libia Bernal,50,FEMALE,true
102,Ignacio Florez,29,MALE,true
103,Milena Reyes,37,FEMALE,true
104,Francisco Chaparro,66,MALE,true
105,Miriam Navia,40,FEMALE,true
106,Harold Villamizar,24,MALE,true
107,Yesenia Puerta,33,FEMALE,true
108,Gustavo Escobar,45,MALE,true
109,Silvia Elena Garcia,38,FEMALE,true
110,Rodrigo Bernal,52,MALE,true
111,Lucila Aristizabal,26,FEMALE,true
112,Armando Rincon,48,MALE,true
113,Gladys Sepulveda,34,FEMALE,true
114,Aurelio Castaneda,61,MALE,true
115,Lida Johana Cruz,29,FEMALE,true
116,Ramiro Acevedo,42,MALE,true
117,Fanny Lozada,37,FEMALE,true
118,Guillermo Pinto,55,MALE,true
119,Elva Beatriz Torres,31,FEMALE,true
120,Alvaro Rojas,46,MALE,true
121,Bertha Ines Castano,39,FEMALE,true
122,Andres Camilo Perez,21,MALE,true
123,Dora Elena Rios,44,FEMALE,true
124,Octavio Mejia,59,MALE,true
125,Stella Florez,32,FEMALE,true
126,Eduardo Bonilla,47,MALE,true
127,Myriam Cordoba,36,FEMALE,true
128,Humberto Osorio,53,MALE,true
129,Isabel Palacios,28,FEMALE,true
130,Abelardo Sanchez,67,MALE,true
131,Flor Esperanza Lima,43,FEMALE,true
132,Bernardo Correa,38,MALE,true
133,Nancy Johana Velez,25,FEMALE,true
134,Raul Eduardo Hoyos,50,MALE,true
135,Luisa Fernanda Gil,30,FEMALE,true
136,Libardo Zapata,41,MALE,true
137,Margarita Herrera,34,FEMALE,true
138,Fidel Hernandez,62,MALE,true
139,Eugenia Arias,27,FEMALE,true
140,Alvaro Ospina,45,MALE,true
141,Carmen Lucia Varela,51,FEMALE,true
142,Victor Hugo Mora,33,MALE,true
143,Alicia Guzman,40,FEMALE,true
144,Elias Prado,57,MALE,true
145,Fabiola Agudelo,26,FEMALE,true
146,Julio Cesar Torres,43,MALE,true
147,Petra Gonzalez,36,FEMALE,true
148,Joaquin Montoya,60,MALE,true
149,Doris Ximena Isaza,31,FEMALE,true
150,Hector Fabio Tamayo,48,MALE,true
151,Esperanza Cadavid,35,FEMALE,true
152,Wilder Castrillon,22,MALE,true
153,Luz Elena Suarez,42,FEMALE,true
154,Abdon Arbelaez,54,MALE,true
155,Adriana Ines Gomez,29,FEMALE,true
156,Celso Martinez,37,MALE,true
157,Flavia Quintero,45,FEMALE,true
158,Ernesto Marulanda,63,MALE,true
159,Leticia Duque,32,FEMALE,true
160,Robinson Cuartas,27,MALE,true
161,Ligia Beatriz Torres,49,FEMALE,true
162,Pompilio Rios,41,MALE,true
163,Alba Nelly Salinas,34,FEMALE,true
164,Aristides Pedraza,56,MALE,true
165,Rosario Londono,28,FEMALE,true
166,Duberney Castro,39,MALE,true
167,Lucinda Valderrama,46,FEMALE,true
168,Erasmo Calle,53,MALE,true
169,Nubia Cecilia Parra,30,FEMALE,true
170,Obdulio Zapata,44,MALE,true
171,Yolanda Patricia Ossa,37,FEMALE,true
172,Benigno Escobar,61,MALE,true
173,Magda Lorena Henao,25,FEMALE,true
174,Celestino Naranjo,48,MALE,true
175,Amparo del Socorro Rios,40,FEMALE,true
176,Elkin Dario Salazar,33,MALE,true
177,Ines del Carmen Torres,55,FEMALE,true
178,Gerardo Hincapie,42,MALE,true
179,Ofelia Castrillon,27,FEMALE,true
180,Salomon Arboleda,64,MALE,true
181,Mirla Yolanda Vargas,31,FEMALE,true
182,Pompilio Soto,46,MALE,true
183,Graciela del Pilar Reyes,38,FEMALE,true
184,Delio Rojas,51,MALE,true
185,Nidia Emilce Gutierrez,26,FEMALE,true
186,Hernando Corrales,43,MALE,true
187,Edith Emilsen Mora,35,FEMALE,true
188,Feliciano Garcia,58,MALE,true
189,Astrid Lorena Quintero,29,FEMALE,true
190,Demetrio Osorio,47,MALE,true
191,Rebeca del Carmen Florez,41,FEMALE,true
192,Teofilo Bedoya,60,MALE,true
193,Celia Patricia Montoya,24,FEMALE,true
194,Tranquilino Puerta,53,MALE,true
195,Dora Libia Rengifo,36,FEMALE,true
196,Anibal Cuartas,45,MALE,true
197,Silvia Patricia Calle,32,FEMALE,true
198,Esiquio Alvarez,62,MALE,true
199,Carmenza del Rocio Giraldo,28,FEMALE,true
200,Arnulfo Atehortua,50,MALE,true
201,Emilce del Carmen Acosta,39,FEMALE,true
202,Prospero Jaramillo,55,MALE,true
203,Deyanira Jimenez,33,FEMALE,true
204,Faustino Gallego,48,MALE,true
205,Yolanda Amparo Alzate,26,FEMALE,true
